[
  {"value": "Amarillo, TX", "label": "Amarillo, TX"},
  {"value": "Austin, TX", "label": "Austin, TX"},
  {"value": "Dallas, TX", "label": "Dallas, TX"},
  {"value": "Fort Worth, TX", "label": "Fort Worth, TX"},
  {"value": "Houston, TX", "label": "Houston, TX"},
  {"value": "San Antonio, TX", "label": "San Antonio, TX"},
  {"value": "El Paso, TX", "label": "El Paso, TX"},
  {"value": "Lubbock, TX", "label": "Lubbock, TX"},
  {"value": "Phoenix, AZ", "label": "Phoenix, AZ"},
  {"value": "Tucson, AZ", "label": "Tucson, AZ"},
  {"value": "Los Angeles, CA", "label": "Los Angeles, CA"},
  {"value": "San Diego, CA", "label": "San Diego, CA"},
  {"value": "San Francisco, CA", "label": "San Francisco, CA"},
  {"value": "San Jose, CA", "label": "San Jose, CA"},
  {"value": "Sacramento, CA", "label": "Sacramento, CA"},
  {"value": "Denver, CO", "label": "Denver, CO"},
  {"value": "Colorado Springs, CO", "label": "Colorado Springs, CO"},
  {"value": "Jacksonville, FL", "label": "Jacksonville, FL"},
  {"value": "Miami, FL", "label": "Miami, FL"},
  {"value": "Tampa, FL", "label": "Tampa, FL"},
  {"value": "Orlando, FL", "label": "Orlando, FL"},
  {"value": "Atlanta, GA", "label": "Atlanta, GA"},
  {"value": "Chicago, IL", "label": "Chicago, IL"},
  {"value": "Indianapolis, IN", "label": "Indianapolis, IN"},
  {"value": "Louisville, KY", "label": "Louisville, KY"},
  {"value": "New Orleans, LA", "label": "New Orleans, LA"},
  {"value": "Baltimore, MD", "label": "Baltimore, MD"},
  {"value": "Boston, MA", "label": "Boston, MA"},
  {"value": "Detroit, MI", "label": "Detroit, MI"},
  {"value": "Minneapolis, MN", "label": "Minneapolis, MN"},
  {"value": "Kansas City, MO", "label": "Kansas City, MO"},
  {"value": "St. Louis, MO", "label": "St. Louis, MO"},
  {"value": "Las Vegas, NV", "label": "Las Vegas, NV"},
  {"value": "Albuquerque, NM", "label": "Albuquerque, NM"},
  {"value": "New York, NY", "label": "New York, NY"},
  {"value": "Buffalo, NY", "label": "Buffalo, NY"},
  {"value": "Charlotte, NC", "label": "Charlotte, NC"},
  {"value": "Raleigh, NC", "label": "Raleigh, NC"},
  {"value": "Columbus, OH", "label": "Columbus, OH"},
  {"value": "Cleveland, OH", "label": "Cleveland, OH"},
  {"value": "Oklahoma City, OK", "label": "Oklahoma City, OK"},
  {"value": "Tulsa, OK", "label": "Tulsa, OK"},
  {"value": "Portland, OR", "label": "Portland, OR"},
  {"value": "Philadelphia, PA", "label": "Philadelphia, PA"},
  {"value": "Pittsburgh, PA", "label": "Pittsburgh, PA"},
  {"value": "Nashville, TN", "label": "Nashville, TN"},
  {"value": "Memphis, TN", "label": "Memphis, TN"},
  {"value": "Seattle, WA", "label": "Seattle, WA"},
  {"value": "Milwaukee, WI", "label": "Milwaukee, WI"},
  {"value": "Washington, DC", "label": "Washington, DC"}
]
